{
  "days": [
    {
      "id": "1",
      "day": 1
    },
    {
      "id": "2",
      "day": 2
    },
    {
      "id": "3",
      "day": 3
    },
    {
      "id": "8028",
      "day": 4
    },
    {
      "id": "046a",
      "day": 5
    }
  ],
  "words": [
    {
      "id": "2",
      "day": 1,
      "eng": "apple",
      "kor": "사과",
      "isDone": false
    },
    {
      "day": 1,
      "eng": "exampleBook",
      "kor": "예제책",
      "isDone": true,
      "id": "3"
    },
    {
      "id": "4",
      "day": 2,
      "eng": "pen",
      "kor": "펜",
      "isDone": false
    },
    {
      "id": "6",
      "day": 3,
      "eng": "pencil",
      "kor": "연필",
      "isDone": false
    },
    {
      "id": "2150",
      "day": "3",
      "eng": "bird",
      "kor": "새",
      "isDone": false
    }
  ]
}